<?xml version="1.0" encoding="UTF-8"?>
<!--
  Copyright 2002-2005 The Apache Software Foundation or its licensors,
  as applicable.

  Licensed under the Apache License, Version 2.0 (the "License");
  you may not use this file except in compliance with the License.
  You may obtain a copy of the License at

      http://www.apache.org/licenses/LICENSE-2.0

  Unless required by applicable law or agreed to in writing, software
  distributed under the License is distributed on an "AS IS" BASIS,
  WITHOUT WARRANTIES OR CONDITIONS OF ANY KIND, either express or implied.
  See the License for the specific language governing permissions and
  limitations under the License.
-->

<!--
Forrest site.xml

This file contains an outline of the site's information content.  It is used to:
- Generate the website menus (though these can be overridden - see docs)
- Provide semantic, location-independent aliases for internal 'site:' URIs, eg
<link href="site:changes"> links to changes.html (or ../changes.html if in
  subdir).
- Provide aliases for external URLs in the external-refs section.  Eg, <link
  href="ext:cocoon"> links to http://cocoon.apache.org/ 

See http://forrest.apache.org/docs/linking.html for more info
-->

<!-- The label attribute of the outer "site" element will only show
  in the linkmap (linkmap.html).
  Use elements project-name and group-name in skinconfig to change name of 
  your site or project that is usually shown at the top of page.
  No matter what you configure for the href attribute, Forrest will
  always use index.html when you request http://yourHost/
  See FAQ: "How can I use a start-up-page other than index.html?"
-->

<site label="JempBox" href="" xmlns="http://apache.org/forrest/linkmap/1.0" tab="">

  <about label="About">
    <index label="Index" href="index.html" description="Welcome to JempBox"/>
    <download label="Download" href="http://sourceforge.net/project/showfiles.php?group_id=164503" description="Download JempBox" />
    <nightly_release label="Nightly Build" href="http://www.jempbox.org/dist/" description="Download a nightly release of JempBox" />
    <mailing_list label="Mailing List" href="http://sourceforge.net/mail/?group_id=164503" description="Discuss JempBox" />
    <issues label="Issues" href="http://sourceforge.net/tracker/?group_id=164503&amp;atid=831987" description="Submit an issue" />
    <sourceforge label="SourceForge" href="http://www.sf.net/projects/jempbox" description="SourceForge Site" />
    <!--<references label="References" href="references.html" description="References" />-->
    <!--<donations label="Donations" href="donations.html" description="Donations" />-->
    <releaasenotes label="Release Notes" href="changes.html" description="Release Notes" />
  </about>
  
  <userguide label="Developers Guide">
    <index label="Index" href="userguide/index.html" description="A note on the docs" />
    <javadoc label="Javadoc" href="./javadoc/index.html" description="Javadoc API" />
  </userguide>

</site>
