<?xml version="1.0" encoding="ISO-8859-1"?>
<!--
  Copyright 1999-2005 The Apache Software Foundation or its licensors,
  as applicable.

  Licensed under the Apache License, Version 2.0 (the "License");
  you may not use this file except in compliance with the License.
  You may obtain a copy of the License at

      http://www.apache.org/licenses/LICENSE-2.0

  Unless required by applicable law or agreed to in writing, software
  distributed under the License is distributed on an "AS IS" BASIS,
  WITHOUT WARRANTIES OR CONDITIONS OF ANY KIND, either express or implied.
  See the License for the specific language governing permissions and
  limitations under the License.
-->
<catalogue>
  <message key="Font size:">Taille :</message>
  <message key="Last Published:">Derni�re publication :</message>
  <message key="Search">Rechercher</message>
  <message key="Search the site with">Rechercher sur le site avec</message>
</catalogue>
